Job Litle,Job Location,Link,Post Date,Requisition ID
Division Director Land Development,"Coppell, TX",https://pultegroup.wd1.myworkdayjobs.com/en-US/PGI/job/Coppell-TX/Division-Director-Land-Development---Coppell--TX_JR7420,Posted Yesterday,JR7420
General Sales Manager,"Coppell, TX",https://pultegroup.wd1.myworkdayjobs.com/en-US/PGI/job/Coppell-TX/General-Sales-Manager---Coppell--TX_JR7421,Posted Yesterday,JR7421
Marketing Manager,"Fairfax, VA",https://pultegroup.wd1.myworkdayjobs.com/en-US/PGI/job/Fairfax-VA/Marketing-Manager_JR7415-1,Posted 2 Days Ago,JR7415
Marketing Coordinator,"Troy, MI",https://pultegroup.wd1.myworkdayjobs.com/en-US/PGI/job/Troy-MI/Marketing-Coordinator_JR7435,Posted 2 Days Ago,JR7435
Land Development Manager,"Cary, NC",https://pultegroup.wd1.myworkdayjobs.com/en-US/PGI/job/Cary-NC/Land-Development-Manager---Triad-NC_JR7436,Posted 2 Days Ago,JR7436
Material Handler,"North Charleston, South Carolina",https://pultegroup.wd1.myworkdayjobs.com/en-US/PGI/job/North-Charleston-South-Carolina/Material-Handler_JR7140,Posted 2 Days Ago,JR7140
Class A CDL Flatbed Driver,"Florence, SC",https://pultegroup.wd1.myworkdayjobs.com/en-US/PGI/job/Florence-SC/Class-A-CDL-Flatbed-Driver_JR5512,Posted 2 Days Ago,JR5512
Manufacturing Maintenance Manager,"Florence, SC",https://pultegroup.wd1.myworkdayjobs.com/en-US/PGI/job/Florence-SC/Sr-Maintenance-Manager_JR7072-1,Posted 2 Days Ago,JR7072
Area Construction Manager,"Houston, TX",https://pultegroup.wd1.myworkdayjobs.com/en-US/PGI/job/Houston-TX/Area-Construction-Manager---Houston--TX_JR7437,Posted 2 Days Ago,JR7437
2nd Shift Material Handler (Yard),"Florence, SC",https://pultegroup.wd1.myworkdayjobs.com/en-US/PGI/job/Florence-SC/XMLNAME-2nd-Shift-Material-Handler--Yard-_JR7050-1,Posted 2 Days Ago,JR7050
Procurement Coordinator,"Houston, TX",https://pultegroup.wd1.myworkdayjobs.com/en-US/PGI/job/Houston-TX/Procurement-Coordinator---Houston--TX_JR7021-1,Posted 2 Days Ago,JR7021
Host I,"Coppell, TX",https://pultegroup.wd1.myworkdayjobs.com/en-US/PGI/job/Coppell-TX/Host-I---Coppell--TX_JR7434-1,Posted 3 Days Ago,JR7434
Sales Consultant,"Savannah, GA",https://pultegroup.wd1.myworkdayjobs.com/en-US/PGI/job/Savannah-GA/Sales-Consultant---Savannah--GA_JR7433-1,Posted 3 Days Ago,JR7433
"Sales Consultant (McDonough, GA)","Alpharetta, GA",https://pultegroup.wd1.myworkdayjobs.com/en-US/PGI/job/Alpharetta-GA/Sales-Trainee_JR6496,Posted 3 Days Ago,JR6496
"Sales Consultant (Locust Grove, GA)","Alpharetta, GA",https://pultegroup.wd1.myworkdayjobs.com/en-US/PGI/job/Alpharetta-GA/Sales-Consultant--Locust-Grove--GA-_JR7431,Posted 3 Days Ago,JR7431
Construction Manager,"West Palm Beach, FL",https://pultegroup.wd1.myworkdayjobs.com/en-US/PGI/job/West-Palm-Beach-FL/Construction-Manager_JR7430,Posted 3 Days Ago,JR7430
Sales Consultant,"Charlotte, NC",https://pultegroup.wd1.myworkdayjobs.com/en-US/PGI/job/Charlotte-NC/Sales-Consultant---Charlotte--NC_JR7086,Posted 3 Days Ago,JR7086
Assistant Escrow Officer/Receptionist (PGP Title),"Greenwood Village, Colorado",https://pultegroup.wd1.myworkdayjobs.com/en-US/PGI/job/Greenwood-Village-Colorado/Assistant-Escrow-Officer--PGP-Title-_JR7171,Posted 3 Days Ago,JR7171
Division Assistant Controller,"Coppell, TX",https://pultegroup.wd1.myworkdayjobs.com/en-US/PGI/job/Coppell-TX/Division-Assistant-Controller---Coppell--TX_JR7427,Posted 4 Days Ago,JR7427
Customer Care Manager II,"Columbia, SC",https://pultegroup.wd1.myworkdayjobs.com/en-US/PGI/job/Columbia-SC/Customer-Care-Manager-II_JR7426,Posted 4 Days Ago,JR7426
Sales Consultant (Griffin Area),"Alpharetta, GA",https://pultegroup.wd1.myworkdayjobs.com/en-US/PGI/job/Alpharetta-GA/Sales-Trainee--Griffin-Area-_JR6938,Posted 4 Days Ago,JR6938
Host I,"Riverview, FL",https://pultegroup.wd1.myworkdayjobs.com/en-US/PGI/job/Riverview-FL/Host-I_JR7425,Posted 4 Days Ago,JR7425
1st Shift Production Manager,"Florence, SC",https://pultegroup.wd1.myworkdayjobs.com/en-US/PGI/job/Florence-SC/XMLNAME-1st-Shift-Production-Manager---Truss_JR7422,Posted 4 Days Ago,JR7422
Senior Product Manager Finance Systems,"Atlanta, GA",https://pultegroup.wd1.myworkdayjobs.com/en-US/PGI/job/Atlanta-GA/Senior-Product-Manager-Finance-Systems_JR7418,Posted 5 Days Ago,JR7418
Division Financial Analyst,"Schaumburg, IL",https://pultegroup.wd1.myworkdayjobs.com/en-US/PGI/job/Schaumburg-IL/Division-Financial-Analyst_JR7359,Posted 5 Days Ago,JR7359
Construction Manager,"Schaumburg, IL",https://pultegroup.wd1.myworkdayjobs.com/en-US/PGI/job/Schaumburg-IL/Construction-Manager_JR7141,Posted 5 Days Ago,JR7141
CAD Technician,"Charlotte, NC",https://pultegroup.wd1.myworkdayjobs.com/en-US/PGI/job/Charlotte-NC/CAD-Technician---Charlotte--NC_JR7413,Posted 5 Days Ago,JR7413
Customer Care Manager II,"Carmel, IN",https://pultegroup.wd1.myworkdayjobs.com/en-US/PGI/job/Carmel-IN/Customer-Care-Manager-II_JR7417,Posted 5 Days Ago,JR7417
Construction Manager,"Myrtle Beach, SC",https://pultegroup.wd1.myworkdayjobs.com/en-US/PGI/job/Myrtle-Beach-SC/Construction-Manager---Myrtle-Beach--SC_JR7416,Posted 5 Days Ago,JR7416
Manager Land Development,"Salt Lake City, UT",https://pultegroup.wd1.myworkdayjobs.com/en-US/PGI/job/Salt-Lake-City-UT/Manager-Land-Development_JR7414-1,Posted 5 Days Ago,JR7414
Land Development Manager,"Bridgewater TWP, New Jersey",https://pultegroup.wd1.myworkdayjobs.com/en-US/PGI/job/Bridgewater-TWP-New-Jersey/Land-Development-Manager_JR7412,Posted 5 Days Ago,JR7412
Land Coordinator,"San Antonio, TX",https://pultegroup.wd1.myworkdayjobs.com/en-US/PGI/job/San-Antonio-TX/Land-Coordinator---San-Antonio--TX_JR7273-1,Posted 6 Days Ago,JR7273
Resource Scheduling Coordinator,"Houston, TX",https://pultegroup.wd1.myworkdayjobs.com/en-US/PGI/job/Houston-TX/Resource-Scheduling-Coordinator---Houston--TX_JR7411,Posted 6 Days Ago,JR7411
Manager Market Intelligence,"Houston, TX",https://pultegroup.wd1.myworkdayjobs.com/en-US/PGI/job/Houston-TX/Manager-Market-Intelligence_JR7408,Posted 6 Days Ago,JR7408
Area Controller- West,"Mission Viejo, CA",https://pultegroup.wd1.myworkdayjobs.com/en-US/PGI/job/Mission-Viejo-CA/Area-Controller--West_JR7406,Posted 6 Days Ago,JR7406
Manager of Land Planning & Entitlement,"Orlando, FL",https://pultegroup.wd1.myworkdayjobs.com/en-US/PGI/job/Orlando-FL/Manager-of-Land-Planning---Entitlement_JR7407-1,Posted 6 Days Ago,JR7407
Construction Manager,"Greenville, SC",https://pultegroup.wd1.myworkdayjobs.com/en-US/PGI/job/Greenville-SC/Construction-Manager_JR7382-1,Posted 6 Days Ago,JR7382
Assistant Construction Manager,"Portland, Oregon",https://pultegroup.wd1.myworkdayjobs.com/en-US/PGI/job/Portland-Oregon/Assistant-Construction-Manager_JR7404,Posted 6 Days Ago,JR7404
Land Aquisition Manager,"San Antonio, TX",https://pultegroup.wd1.myworkdayjobs.com/en-US/PGI/job/San-Antonio-TX/Land-Aquisition-Manager---San-Antonio--TX_JR7272,Posted 6 Days Ago,JR7272
Sales Consultant,"San Antonio, TX",https://pultegroup.wd1.myworkdayjobs.com/en-US/PGI/job/San-Antonio-TX/Sales-Consultant---San-Antonio--TX_JR7176,Posted 6 Days Ago,JR7176
Host II,"San Antonio, TX",https://pultegroup.wd1.myworkdayjobs.com/en-US/PGI/job/San-Antonio-TX/Host-II---San-Antonio--TX_JR7321,Posted 6 Days Ago,JR7321
Procurement Agent,"Houston, TX",https://pultegroup.wd1.myworkdayjobs.com/en-US/PGI/job/Houston-TX/Procurement-Agent---Houston--TX_JR6948,Posted 6 Days Ago,JR6948
Division Assistant Controller,"Houston, TX",https://pultegroup.wd1.myworkdayjobs.com/en-US/PGI/job/Houston-TX/Division-Assistant-Controller---Houston--TX_JR7201,Posted 6 Days Ago,JR7201
Land Project Manager,"Austin, TX",https://pultegroup.wd1.myworkdayjobs.com/en-US/PGI/job/Austin-TX/Land-Project-Manager---Austin--TX_JR7313,Posted 6 Days Ago,JR7313
Host II,"San Antonio, TX",https://pultegroup.wd1.myworkdayjobs.com/en-US/PGI/job/San-Antonio-TX/Host-II---San-Antonio--TX_JR7322,Posted 6 Days Ago,JR7322
Sales Consultant,"Bluffton, South Carolina",https://pultegroup.wd1.myworkdayjobs.com/en-US/PGI/job/Bluffton-South-Carolina/Sales-Consultant---Bluffton-Hilton-Head--SC_JR6258-1,Posted 6 Days Ago,JR6258
Sales Consultant (Gwinnett County),"Alpharetta, GA",https://pultegroup.wd1.myworkdayjobs.com/en-US/PGI/job/Alpharetta-GA/Sales-Consultant_JR7400,Posted 9 Days Ago,JR7400
Commercial Superintendent,"Jacksonville, FL",https://pultegroup.wd1.myworkdayjobs.com/en-US/PGI/job/Jacksonville-FL/Commercial-Superintendent_JR7387-1,Posted 9 Days Ago,JR7387
Division Controller I,"Mission Viejo, CA",https://pultegroup.wd1.myworkdayjobs.com/en-US/PGI/job/Mission-Viejo-CA/Division-Controller-I_JR7401,Posted 9 Days Ago,JR7401
"Senior Corporate Auditor, Finance Leadership Development","Atlanta, GA",https://pultegroup.wd1.myworkdayjobs.com/en-US/PGI/job/Atlanta-GA/Senior-Corporate-Auditor--Finance-Leadership-Development_JR7398-1,Posted 9 Days Ago,JR7398
Land Acquisition Manager,"Dublin, OH",https://pultegroup.wd1.myworkdayjobs.com/en-US/PGI/job/Dublin-OH/Land-Acquisition-Manager_JR7392-1,Posted 9 Days Ago,JR7392
General Sales Manager,"Brentwood, TN",https://pultegroup.wd1.myworkdayjobs.com/en-US/PGI/job/Brentwood-TN/General-Sales-Manager---Nashville--TN_JR7397,Posted 9 Days Ago,JR7397
Operations Manager,"Florence, SC",https://pultegroup.wd1.myworkdayjobs.com/en-US/PGI/job/Florence-SC/Operations-Manager_JR7391,Posted 9 Days Ago,JR7391
Sales Consultant,"North Charleston, SC",https://pultegroup.wd1.myworkdayjobs.com/en-US/PGI/job/North-Charleston-SC/Sales-Consultant---Charleston--SC_JR7384-1,Posted 10 Days Ago,JR7384
1st Shift Component Assembler (Panel),"Florence, SC",https://pultegroup.wd1.myworkdayjobs.com/en-US/PGI/job/Florence-SC/XMLNAME-1st-Shift-Component-Assembler--Panel-_JR5848-1,Posted 10 Days Ago,JR5848
Escrow Officer (PGPTitle),"Bridgewater TWP, New Jersey",https://pultegroup.wd1.myworkdayjobs.com/en-US/PGI/job/Bridgewater-TWP-New-Jersey/Escrow-Officer--PGPTitle-_JR7043,Posted 10 Days Ago,JR7043
Superintendent,"Wilmington, North Carolina",https://pultegroup.wd1.myworkdayjobs.com/en-US/PGI/job/Wilmington-North-Carolina/Superintendent_JR7390,Posted 10 Days Ago,JR7390
Construction Manager,"Denville, NJ",https://pultegroup.wd1.myworkdayjobs.com/en-US/PGI/job/Denville-NJ/Construction-Manager_JR7378,Posted 10 Days Ago,JR7378
Assistant Construction Manager,"Brentwood, TN",https://pultegroup.wd1.myworkdayjobs.com/en-US/PGI/job/Brentwood-TN/Assistant-Construction-Manager---Nashville--TN_JR7386,Posted 11 Days Ago,JR7386
Assistant Construction Manager,"Brentwood, TN",https://pultegroup.wd1.myworkdayjobs.com/en-US/PGI/job/Brentwood-TN/Assistant-Construction-Manager---Nashville--TN_JR7385,Posted 11 Days Ago,JR7385
Logistics Manager,"Florence, SC",https://pultegroup.wd1.myworkdayjobs.com/en-US/PGI/job/Florence-SC/Distribution-Manager_JR7371-1,Posted 11 Days Ago,JR7371
Mortgage Financing Advisor,"Orlando, FL",https://pultegroup.wd1.myworkdayjobs.com/en-US/PGI/job/Orlando-FL/Mortgage-Financing-Advisor----Pulte-Mortgage-_JR7159,Posted 12 Days Ago,JR7159
Mortgage Financing Advisor,"Bluffton, South Carolina",https://pultegroup.wd1.myworkdayjobs.com/en-US/PGI/job/Bluffton-South-Carolina/Mortgage-Financing-Advisor----Pulte-Mortgage-_JR7353,Posted 12 Days Ago,JR7353
Assistant Customer Care Manager,"Wilmington, NC",https://pultegroup.wd1.myworkdayjobs.com/en-US/PGI/job/Wilmington-NC/Assistant-Customer-Care-Manager---Wilmington--NC_JR7379,Posted 12 Days Ago,JR7379
NSS Staff Accountant I,"Atlanta, GA",https://pultegroup.wd1.myworkdayjobs.com/en-US/PGI/job/Atlanta-GA/NSS-Staff-Accountant-I_JR7365,Posted 12 Days Ago,JR7365
Customer Care Manager II,"Philadelphia, PA",https://pultegroup.wd1.myworkdayjobs.com/en-US/PGI/job/Philadelphia-PA/Customer-Care-Manager-II_JR7341,Posted 12 Days Ago,JR7341
Sales Consultant,"Charlotte, NC",https://pultegroup.wd1.myworkdayjobs.com/en-US/PGI/job/Charlotte-NC/Sales-Consultant---Charlotte--NC_JR7376,Posted 13 Days Ago,JR7376
Contractor People & Culture,2 Locations,https://pultegroup.wd1.myworkdayjobs.com/en-US/PGI/job/Atlanta-GA/Coordinator-People---Culture_JR7227,Posted 13 Days Ago,JR7227
Sales Consultant,"Orlando, FL",https://pultegroup.wd1.myworkdayjobs.com/en-US/PGI/job/Orlando-FL/Sales-Consultant_JR7374,Posted 13 Days Ago,JR7374
Division VP Land,"Bellevue, WA",https://pultegroup.wd1.myworkdayjobs.com/en-US/PGI/job/Bellevue-WA/Division-VP-Land-Acquisition_JR7363,Posted 13 Days Ago,JR7363
Host (Part-time),"Schaumburg, IL",https://pultegroup.wd1.myworkdayjobs.com/en-US/PGI/job/Schaumburg-IL/Host--Part-time-_JR7368,Posted 13 Days Ago,JR7368
"Sales Consultant (Dallas, GA)","Alpharetta, GA",https://pultegroup.wd1.myworkdayjobs.com/en-US/PGI/job/Alpharetta-GA/Sales-Consultant--Dallas-Area-_JR7312,Posted 13 Days Ago,JR7312
Customer Care Manager II,"Medina, OH",https://pultegroup.wd1.myworkdayjobs.com/en-US/PGI/job/Medina-OH/Customer-Care-Manager-II_JR7373,Posted 13 Days Ago,JR7373
Assistant Construction Manager,"Houston, TX",https://pultegroup.wd1.myworkdayjobs.com/en-US/PGI/job/Houston-TX/Assistant-Construction-Manager---Houston--TX_JR7372,Posted 13 Days Ago,JR7372
Manager Land Planning & Entitlement,"Bellevue, WA",https://pultegroup.wd1.myworkdayjobs.com/en-US/PGI/job/Bellevue-WA/Manager-Land-Planning---Entitlement_JR7254,Posted 16 Days Ago,JR7254
Land Project Manager,"Bellevue, WA",https://pultegroup.wd1.myworkdayjobs.com/en-US/PGI/job/Bellevue-WA/Land-Project-Manager_JR7204,Posted 16 Days Ago,JR7204
Escrow Officer (PGP Title),"Houston, TX",https://pultegroup.wd1.myworkdayjobs.com/en-US/PGI/job/Houston-TX/Escrow-Officer--PGP-Title-_JR6956,Posted 16 Days Ago,JR6956
Branch Coordinator (Pulte Mortgage),"North Charleston, SC",https://pultegroup.wd1.myworkdayjobs.com/en-US/PGI/job/North-Charleston-SC/Branch-Coordinator--Pulte-Mortgage-_JR7278,Posted 17 Days Ago,JR7278
Division President,"Mission Viejo, CA",https://pultegroup.wd1.myworkdayjobs.com/en-US/PGI/job/Mission-Viejo-CA/Division-President_JR7360,Posted 17 Days Ago,JR7360
"Corporate Audit Manager, Finance Leadership Development","Atlanta, GA",https://pultegroup.wd1.myworkdayjobs.com/en-US/PGI/job/Atlanta-GA/Corporate-Audit-Manager--Finance-Leadership-Development_JR7357-1,Posted 19 Days Ago,JR7357
Sales Consultant,"West Palm Beach, FL",https://pultegroup.wd1.myworkdayjobs.com/en-US/PGI/job/West-Palm-Beach-FL/Sales-Consultant_JR7358,Posted 19 Days Ago,JR7358
Construction Manager,"Jacksonville, FL",https://pultegroup.wd1.myworkdayjobs.com/en-US/PGI/job/Jacksonville-FL/Construction-Manager_JR7349-1,Posted 23 Days Ago,JR7349
2nd Shift Industrial Maintenance Mechanic,"Green Cove Springs, FL",https://pultegroup.wd1.myworkdayjobs.com/en-US/PGI/job/Green-Cove-Springs-FL/XMLNAME-2nd-Shift-Industrial-Maintenance-Mechanic_JR7348,Posted 23 Days Ago,JR7348
Sales Consultant,"Greenwood Village, Colorado",https://pultegroup.wd1.myworkdayjobs.com/en-US/PGI/job/Greenwood-Village-Colorado/Sales-Consultant_JR7074,Posted 24 Days Ago,JR7074
Host II,"Riverview, FL",https://pultegroup.wd1.myworkdayjobs.com/en-US/PGI/job/Riverview-FL/Host-II_JR6809,Posted 24 Days Ago,JR6809
Sales Associate,"Riverview, FL",https://pultegroup.wd1.myworkdayjobs.com/en-US/PGI/job/Riverview-FL/Sales-Associate_JR6808,Posted 24 Days Ago,JR6808
Customer Care Manager II,"Brentwood, TN",https://pultegroup.wd1.myworkdayjobs.com/en-US/PGI/job/Brentwood-TN/Customer-Care-Manager-II---Brentwood--TN_JR7346,Posted 24 Days Ago,JR7346
New Home Sales Consultant,"Medina, OH",https://pultegroup.wd1.myworkdayjobs.com/en-US/PGI/job/Medina-OH/New-Home-Sales-Consultant_JR7342,Posted 24 Days Ago,JR7342
Procurement Coordinator,"Alpharetta, GA",https://pultegroup.wd1.myworkdayjobs.com/en-US/PGI/job/Alpharetta-GA/Procurement-Coordinator_JR7338,Posted 25 Days Ago,JR7338
Director National Real Estate,"Atlanta, GA",https://pultegroup.wd1.myworkdayjobs.com/en-US/PGI/job/Atlanta-GA/Director-National-Real-Estate_JR7335-1,Posted 25 Days Ago,JR7335
Escrow Processor (PGP Title),"Riverview, FL (PGP Title)",https://pultegroup.wd1.myworkdayjobs.com/en-US/PGI/job/Riverview-FL-PGP-Title/Escrow-Processor--PGP-Title-_JR7334-1,Posted 25 Days Ago,JR7334
Commercial Escrow Officer (PGP Title),"Coppell, TX",https://pultegroup.wd1.myworkdayjobs.com/en-US/PGI/job/Coppell-TX/Commercial-Escrow-Officer--PGP-Title-_JR7332,Posted 25 Days Ago,JR7332
Escrow Manager (PGP Title),"Jacksonville, FL",https://pultegroup.wd1.myworkdayjobs.com/en-US/PGI/job/Jacksonville-FL/Escrow-Manager--PGP-Title-_JR7326,Posted 26 Days Ago,JR7326
Resource Scheduling Coordinator,"Cary, NC",https://pultegroup.wd1.myworkdayjobs.com/en-US/PGI/job/Cary-NC/Resource-Scheduling-Coordinator_JR7307,Posted 27 Days Ago,JR7307
Resource Scheduling Expeditor,"Cary, NC",https://pultegroup.wd1.myworkdayjobs.com/en-US/PGI/job/Cary-NC/Resource-Scheduling-Expeditor---Cary--NC_JR7323,Posted 27 Days Ago,JR7323
Insurance Sales Agent (Pulte Insurance Agency),"Coppell, TX",https://pultegroup.wd1.myworkdayjobs.com/en-US/PGI/job/Coppell-TX/Insurance-Sales-Agent--Pulte-Insurance-Agency-_JR7305,Posted 27 Days Ago,JR7305
Manager Land Planning & Entitlements,"Orlando, FL",https://pultegroup.wd1.myworkdayjobs.com/en-US/PGI/job/Orlando-FL/Manager-Land-Planning---Entitlements_JR7318-1,Posted 27 Days Ago,JR7318
Security Engineer,2 Locations,https://pultegroup.wd1.myworkdayjobs.com/en-US/PGI/job/Tempe-AZ/Security-Engineer_JR7310,Posted 30 Days Ago,JR7310
Assistant Construction Manager,"Bloomington, MN",https://pultegroup.wd1.myworkdayjobs.com/en-US/PGI/job/Bloomington-MN/Assistant-Construction-Manager_JR7304,Posted 30 Days Ago,JR7304
Customer Care Manager II (Cumming Area),"Alpharetta, GA",https://pultegroup.wd1.myworkdayjobs.com/en-US/PGI/job/Alpharetta-GA/Customer-Care-Manager-II--Cumming-Area-_JR7215,Posted 30 Days Ago,JR7215
Senior Analyst,2 Locations,https://pultegroup.wd1.myworkdayjobs.com/en-US/PGI/job/Tempe-AZ/Senior-Analyst---CX_JR7299,Posted 30+ Days Ago,JR7299
Host II (Ft. Myers Area),"Bonita Springs, FL",https://pultegroup.wd1.myworkdayjobs.com/en-US/PGI/job/Bonita-Springs-FL/Host-II--Ft-Myers-Area-_JR7297,Posted 30+ Days Ago,JR7297
Procurement Coordinator,"Charlotte, NC",https://pultegroup.wd1.myworkdayjobs.com/en-US/PGI/job/Charlotte-NC/Procurement-Coordinator---Charlotte--NC_JR7296,Posted 30+ Days Ago,JR7296
Land Development Manager,"Bonita Springs, FL",https://pultegroup.wd1.myworkdayjobs.com/en-US/PGI/job/Bonita-Springs-FL/Land-Development-Manager_JR7294-1,Posted 30+ Days Ago,JR7294
Sales Consultant (Bradenton/Sarasota/Englewood Area),"Bonita Springs, FL",https://pultegroup.wd1.myworkdayjobs.com/en-US/PGI/job/Bonita-Springs-FL/Sales-Consultant--Bradenton-Sarasota-Englewood-Area-_JR7291,Posted 30+ Days Ago,JR7291
Sales Consultant,"Columbia, SC",https://pultegroup.wd1.myworkdayjobs.com/en-US/PGI/job/Columbia-SC/Sales-Consultant---Columbia--SC_JR7289-1,Posted 30+ Days Ago,JR7289
Product Owner,2 Locations,https://pultegroup.wd1.myworkdayjobs.com/en-US/PGI/job/Atlanta-GA/Product-Owner_JR7270,Posted 30+ Days Ago,JR7270
Scrum Master,2 Locations,https://pultegroup.wd1.myworkdayjobs.com/en-US/PGI/job/Atlanta-GA/Scrum-Master_JR7284,Posted 30+ Days Ago,JR7284
Branch Coordinator (Pulte Mortgage),"Bonita Springs, FL",https://pultegroup.wd1.myworkdayjobs.com/en-US/PGI/job/Bonita-Springs-FL/Branch-Coordinator--Pulte-Mortgage-_JR7283,Posted 30+ Days Ago,JR7283
Virtual Customer Care Manager,"Carmel, IN",https://pultegroup.wd1.myworkdayjobs.com/en-US/PGI/job/Carmel-IN/Virtual-Customer-Care-Manager_JR7279,Posted 30+ Days Ago,JR7279
New Home Sales Consultant,"Dublin, OH",https://pultegroup.wd1.myworkdayjobs.com/en-US/PGI/job/Dublin-OH/Sales-Consultant_JR7277,Posted 30+ Days Ago,JR7277
Land Acquisition Manager,"Medina, OH",https://pultegroup.wd1.myworkdayjobs.com/en-US/PGI/job/Medina-OH/Land-Acquisition-Manager_JR7274,Posted 30+ Days Ago,JR7274
Customer Care Manager II,"West Palm Beach, FL",https://pultegroup.wd1.myworkdayjobs.com/en-US/PGI/job/West-Palm-Beach-FL/Customer-Care-Manager-II_JR7271,Posted 30+ Days Ago,JR7271
Procurement Agent,"West Palm Beach, FL",https://pultegroup.wd1.myworkdayjobs.com/en-US/PGI/job/West-Palm-Beach-FL/Procurement-Agent_JR7264,Posted 30+ Days Ago,JR7264
Construction Manager,"Riverview, FL",https://pultegroup.wd1.myworkdayjobs.com/en-US/PGI/job/Riverview-FL/Construction-Manager_JR7263,Posted 30+ Days Ago,JR7263
Manager Resource Planning,"Albuquerque, NM",https://pultegroup.wd1.myworkdayjobs.com/en-US/PGI/job/Albuquerque-NM/Manager-Resource-Planning_JR7256,Posted 30+ Days Ago,JR7256
1st Shift Component Assembler (Truss),"Florence, SC",https://pultegroup.wd1.myworkdayjobs.com/en-US/PGI/job/Florence-SC/XMLNAME-1st-Shift-Component-Assembler--Truss-_JR7246-1,Posted 30+ Days Ago,JR7246
Sales Administrator,"Coppell, TX",https://pultegroup.wd1.myworkdayjobs.com/en-US/PGI/job/Coppell-TX/Sales-Administrator---Coppell--TX_JR5849,Posted 30+ Days Ago,JR5849
Superintendent,Charleston Svc Center (ICG),https://pultegroup.wd1.myworkdayjobs.com/en-US/PGI/job/Charleston-Svc-Center-ICG/Superintendent_JR7194,Posted 30+ Days Ago,JR7194
IT Manager,"Atlanta, GA",https://pultegroup.wd1.myworkdayjobs.com/en-US/PGI/job/Atlanta-GA/IT-Manager_JR7235,Posted 30+ Days Ago,JR7235
Sales Administrator,"Jacksonville, FL",https://pultegroup.wd1.myworkdayjobs.com/en-US/PGI/job/Jacksonville-FL/Sales-Administrator_JR7228,Posted 30+ Days Ago,JR7228
Field Support Engineer I,"Atlanta, GA",https://pultegroup.wd1.myworkdayjobs.com/en-US/PGI/job/Atlanta-GA/Field-Support-Engineer-I_JR7224,Posted 30+ Days Ago,JR7224
Online Sales Specialist,"Jacksonville, FL",https://pultegroup.wd1.myworkdayjobs.com/en-US/PGI/job/Jacksonville-FL/Online-Sales-Specialist_JR7223,Posted 30+ Days Ago,JR7223
Division Product Manager,"North Charleston, SC",https://pultegroup.wd1.myworkdayjobs.com/en-US/PGI/job/North-Charleston-SC/Division-Product-Manager---Charleston--SC_JR7217,Posted 30+ Days Ago,JR7217
Land Acquisition Manager,"Houston, TX",https://pultegroup.wd1.myworkdayjobs.com/en-US/PGI/job/Houston-TX/Land-Acquisition-Manager---Houston--TX_JR7094-1,Posted 30+ Days Ago,JR7094
Project Manager Land Acquisition,"Houston, TX",https://pultegroup.wd1.myworkdayjobs.com/en-US/PGI/job/Houston-TX/Project-Manager-Land-Acquisition---Houston--TX_JR7093,Posted 30+ Days Ago,JR7093
Director of Land Planning & Entitlement,"Houston, TX",https://pultegroup.wd1.myworkdayjobs.com/en-US/PGI/job/Houston-TX/Director-of-Land-Planning---Entitlement---Houston--TX_JR7095,Posted 30+ Days Ago,JR7095
Director People & Culture,3 Locations,https://pultegroup.wd1.myworkdayjobs.com/en-US/PGI/job/Mission-Viejo-California-Los-Altos/Director-People---Culture_JR7198,Posted 30+ Days Ago,JR7198
CAD Technician,"Schaumburg, IL",https://pultegroup.wd1.myworkdayjobs.com/en-US/PGI/job/Schaumburg-IL/CAD-Technician_JR7210,Posted 30+ Days Ago,JR7210
Field Support Engineer I,"Riverview, FL",https://pultegroup.wd1.myworkdayjobs.com/en-US/PGI/job/Riverview-FL/Field-Support-Engineer-I_JR7209,Posted 30+ Days Ago,JR7209
2nd Shift Component Assembler (Panel),"Florence, SC",https://pultegroup.wd1.myworkdayjobs.com/en-US/PGI/job/Florence-SC/XMLNAME-2nd-Shift-Component-Assembler--Panel-_JR6591,Posted 30+ Days Ago,JR6591
Senior Full Stack Developer (PulteMortgage),"Englewood, CO",https://pultegroup.wd1.myworkdayjobs.com/en-US/PGI/job/Englewood-CO/Senior-Full-Stack-Developer--PulteMortgage-_JR7023,Posted 30+ Days Ago,JR7023
Procurement Agent,"Albuquerque, NM",https://pultegroup.wd1.myworkdayjobs.com/en-US/PGI/job/Albuquerque-NM/Procurement-Agent_JR7206,Posted 30+ Days Ago,JR7206
Division Controller I,"Bellevue, WA",https://pultegroup.wd1.myworkdayjobs.com/en-US/PGI/job/Bellevue-WA/Division-Controller-I_JR7205-1,Posted 30+ Days Ago,JR7205
Superintendent,"Savannah (ICG), Georgia",https://pultegroup.wd1.myworkdayjobs.com/en-US/PGI/job/Savannah-ICG-Georgia/Superintendent_JR7195,Posted 30+ Days Ago,JR7195
Sales Consultant,"Wilmington, NC",https://pultegroup.wd1.myworkdayjobs.com/en-US/PGI/job/Wilmington-NC/Sales-Consultant---Wilmington--NC_JR6965,Posted 30+ Days Ago,JR6965
Mortgage Branch Manager,"Charlotte, NC",https://pultegroup.wd1.myworkdayjobs.com/en-US/PGI/job/Charlotte-NC/Mortgage-Branch-Manager----Pulte-Mortgage-_JR6971,Posted 30+ Days Ago,JR6971
Online Sales Specialist,"Cary, NC",https://pultegroup.wd1.myworkdayjobs.com/en-US/PGI/job/Cary-NC/Online-Sales-Specialist---Raleigh--NC_JR6100-1,Posted 30+ Days Ago,JR6100
General Sales Manager,"Jacksonville, FL",https://pultegroup.wd1.myworkdayjobs.com/en-US/PGI/job/Jacksonville-FL/General-Sales-Manager_JR7199,Posted 30+ Days Ago,JR7199
Design Center Consultant,"Schaumburg, IL",https://pultegroup.wd1.myworkdayjobs.com/en-US/PGI/job/Schaumburg-IL/Design-Center-Consultant_JR6663-1,Posted 30+ Days Ago,JR6663
Sales Consultant,"Houston, TX",https://pultegroup.wd1.myworkdayjobs.com/en-US/PGI/job/Houston-TX/Sales-Consultant---Houston--TX_JR6946,Posted 30+ Days Ago,JR6946
General Sales Manager,"Wilmington, NC",https://pultegroup.wd1.myworkdayjobs.com/en-US/PGI/job/Wilmington-NC/General-Sales-Manager---Wilmington--NC_JR7191,Posted 30+ Days Ago,JR7191
Sales Consultant,"Ocala, FL",https://pultegroup.wd1.myworkdayjobs.com/en-US/PGI/job/Ocala-FL/Sales-Consultant_JR7190,Posted 30+ Days Ago,JR7190
New Home Sales Consultant,"Westborough, MA",https://pultegroup.wd1.myworkdayjobs.com/en-US/PGI/job/Westborough-MA/New-Home-Sales-Consultant_JR7181,Posted 30+ Days Ago,JR7181
Selling Sales Manager,"Westborough, MA",https://pultegroup.wd1.myworkdayjobs.com/en-US/PGI/job/Westborough-MA/Selling-Sales-Manager_JR7165,Posted 30+ Days Ago,JR7165
Customer Care Manager II,"Schaumburg, IL",https://pultegroup.wd1.myworkdayjobs.com/en-US/PGI/job/Schaumburg-IL/Customer-Care-Manager-II_JR7187,Posted 30+ Days Ago,JR7187
Director Market Intelligence,"Scottsdale, AZ",https://pultegroup.wd1.myworkdayjobs.com/en-US/PGI/job/Scottsdale-AZ/Director-Market-Intelligence_JR7168,Posted 30+ Days Ago,JR7168
Land Development Manager,"Myrtle Beach, SC",https://pultegroup.wd1.myworkdayjobs.com/en-US/PGI/job/Myrtle-Beach-SC/Land-Development-Manager---Myrtle-Beach--SC_JR7184,Posted 30+ Days Ago,JR7184
Division Staff Accountant,"Las Vegas, NV",https://pultegroup.wd1.myworkdayjobs.com/en-US/PGI/job/Las-Vegas-NV/Division-Staff-Accountant_JR7170,Posted 30+ Days Ago,JR7170
Litigation Manager,3 Locations,https://pultegroup.wd1.myworkdayjobs.com/en-US/PGI/job/Atlanta-GA/Litigation-Manager_JR6952,Posted 30+ Days Ago,JR6952
Sales Consultant,"Charlotte, NC",https://pultegroup.wd1.myworkdayjobs.com/en-US/PGI/job/Charlotte-NC/Sales-Consultant---Charlotte--NC_JR7162,Posted 30+ Days Ago,JR7162
Division Product Agent,"Carmel, IN",https://pultegroup.wd1.myworkdayjobs.com/en-US/PGI/job/Carmel-IN/Division-Product-Agent_JR7142,Posted 30+ Days Ago,JR7142
Procurement Coordinator,"Brentwood, TN",https://pultegroup.wd1.myworkdayjobs.com/en-US/PGI/job/Brentwood-TN/Procurement-Coordinator---Nashville--TN_JR7152,Posted 30+ Days Ago,JR7152
Escrow Production Manager (PGP Title),"Orlando, FL",https://pultegroup.wd1.myworkdayjobs.com/en-US/PGI/job/Orlando-FL/Escrow-Production-Manager--PGP-Title-_JR7143,Posted 30+ Days Ago,JR7143
"Customer Care Manager II (Covington, GA)","Alpharetta, GA",https://pultegroup.wd1.myworkdayjobs.com/en-US/PGI/job/Alpharetta-GA/Customer-Care-Manager-II--Covington--GA-_JR7082,Posted 30+ Days Ago,JR7082
Sales Consultant,"Pleasanton, CA",https://pultegroup.wd1.myworkdayjobs.com/en-US/PGI/job/Pleasanton-CA/Sales-Consultant---San-Jose--CA_JR7139,Posted 30+ Days Ago,JR7139
Construction Manager,"Scottsdale, AZ",https://pultegroup.wd1.myworkdayjobs.com/en-US/PGI/job/Scottsdale-AZ/Construction-Manager_JR7136,Posted 30+ Days Ago,JR7136
Construction Manager,"Scottsdale, AZ",https://pultegroup.wd1.myworkdayjobs.com/en-US/PGI/job/Scottsdale-AZ/Construction-Manager_JR7135,Posted 30+ Days Ago,JR7135
2nd Shift Component Assembler,"Florence, SC",https://pultegroup.wd1.myworkdayjobs.com/en-US/PGI/job/Florence-SC/XMLNAME-2nd-Shift-Component-Assembler---Truss_JR6691,Posted 30+ Days Ago,JR6691
Escrow Manager,"Pleasanton, CA",https://pultegroup.wd1.myworkdayjobs.com/en-US/PGI/job/Pleasanton-CA/Escrow-Manager----CA---PGP-Escrow-_JR7119,Posted 30+ Days Ago,JR7119
Sales Administrator,"Savannah, GA",https://pultegroup.wd1.myworkdayjobs.com/en-US/PGI/job/Savannah-GA/Sales-Administrator---Savannah--GA_JR7112,Posted 30+ Days Ago,JR7112
Sales Consultant,"Charlotte, NC",https://pultegroup.wd1.myworkdayjobs.com/en-US/PGI/job/Charlotte-NC/Sales-Consultant---Charlotte--NC_JR7110,Posted 30+ Days Ago,JR7110
Project Manager Land Acquisition,"Greenville, SC",https://pultegroup.wd1.myworkdayjobs.com/en-US/PGI/job/Greenville-SC/Project-Manager-Land-Acquisition_JR7102,Posted 30+ Days Ago,JR7102
Architectural Project Manager,"Salt Lake City, UT",https://pultegroup.wd1.myworkdayjobs.com/en-US/PGI/job/Salt-Lake-City-UT/Project-Manager--ZONE-_JR7009,Posted 30+ Days Ago,JR7009
Architectural Project Manager,"Scottsdale, AZ",https://pultegroup.wd1.myworkdayjobs.com/en-US/PGI/job/Scottsdale-AZ/Production-Manager--ZONE-_JR6979-1,Posted 30+ Days Ago,JR6979
Architectural Sr. Residential Draftperson,"Scottsdale, AZ",https://pultegroup.wd1.myworkdayjobs.com/en-US/PGI/job/Scottsdale-AZ/Senior-Residential-Draftperson_JR6968,Posted 30+ Days Ago,JR6968
Customer Care Manager II,"Westborough, MA",https://pultegroup.wd1.myworkdayjobs.com/en-US/PGI/job/Westborough-MA/Customer-Care-Manager-II_JR7081,Posted 30+ Days Ago,JR7081
Host,"Pleasanton, CA",https://pultegroup.wd1.myworkdayjobs.com/en-US/PGI/job/Pleasanton-CA/Host---Lathrop--CA_JR7073,Posted 30+ Days Ago,JR7073
Class A CDL Flatbed Driver,"Savannah (ICG), Georgia",https://pultegroup.wd1.myworkdayjobs.com/en-US/PGI/job/Savannah-ICG-Georgia/Class-A-CDL-Flatbed-Driver_JR7077,Posted 30+ Days Ago,JR7077
Construction Manager,"Albuquerque, NM",https://pultegroup.wd1.myworkdayjobs.com/en-US/PGI/job/Albuquerque-NM/Construction-Manager_JR7076,Posted 30+ Days Ago,JR7076
Sales Consultant,"Bonita Springs, FL",https://pultegroup.wd1.myworkdayjobs.com/en-US/PGI/job/Bonita-Springs-FL/Sales-Consultant_JR7071,Posted 30+ Days Ago,JR7071
Sales Consultant (Fort Myers Area),"Bonita Springs, FL",https://pultegroup.wd1.myworkdayjobs.com/en-US/PGI/job/Bonita-Springs-FL/Sales-Consultant--Fort-Myers-Area-_JR6949,Posted 30+ Days Ago,JR6949
Director Land Development,"Scottsdale, AZ",https://pultegroup.wd1.myworkdayjobs.com/en-US/PGI/job/Scottsdale-AZ/Director-Land-Development_JR7057,Posted 30+ Days Ago,JR7057
Manager Land Acquisition,"Mission Viejo, CA",https://pultegroup.wd1.myworkdayjobs.com/en-US/PGI/job/Mission-Viejo-CA/Manager-Land-Acquisition_JR7044,Posted 30+ Days Ago,JR7044
Sales Consultant,"Greenville, SC",https://pultegroup.wd1.myworkdayjobs.com/en-US/PGI/job/Greenville-SC/Sales-Consultant_JR3975,Posted 30+ Days Ago,JR3975
Marketing Coordinator,"Riverview, FL",https://pultegroup.wd1.myworkdayjobs.com/en-US/PGI/job/Riverview-FL/Marketing-Coordinator_JR6678-1,Posted 30+ Days Ago,JR6678
Customer Care Manager II,"Scottsdale, AZ",https://pultegroup.wd1.myworkdayjobs.com/en-US/PGI/job/Scottsdale-AZ/Customer-Care-Manager-II_JR7031-1,Posted 30+ Days Ago,JR7031
Manager of Market Intelligence,"Dublin, OH",https://pultegroup.wd1.myworkdayjobs.com/en-US/PGI/job/Dublin-OH/Manager-of-Market-Intelligence_JR7025,Posted 30+ Days Ago,JR7025
New Home Sales Consultant,"Carmel, IN",https://pultegroup.wd1.myworkdayjobs.com/en-US/PGI/job/Carmel-IN/New-Home-Sales-Consultant_JR7018,Posted 30+ Days Ago,JR7018
Operations Manager,Myrtle Beach Svc Center (ICG),https://pultegroup.wd1.myworkdayjobs.com/en-US/PGI/job/Myrtle-Beach-Svc-Center-ICG/Operations-Manager_JR7010,Posted 30+ Days Ago,JR7010
Construction Manager,"Mission Viejo, CA",https://pultegroup.wd1.myworkdayjobs.com/en-US/PGI/job/Mission-Viejo-CA/Construction-Manager_JR7007-1,Posted 30+ Days Ago,JR7007
Senior Procurement Agent,"West Palm Beach, FL",https://pultegroup.wd1.myworkdayjobs.com/en-US/PGI/job/West-Palm-Beach-FL/Senior-Procurement-Agent_JR6993,Posted 30+ Days Ago,JR6993
Construction Manager,"Louisville, KY",https://pultegroup.wd1.myworkdayjobs.com/en-US/PGI/job/Louisville-KY/Construction-Manager_JR6960,Posted 30+ Days Ago,JR6960
Sales Consultant (Henry County),"Alpharetta, GA",https://pultegroup.wd1.myworkdayjobs.com/en-US/PGI/job/Alpharetta-GA/Sales-Consultant--Henry-County-_JR6959,Posted 30+ Days Ago,JR6959
Construction Manager,"Hilton Head, SC",https://pultegroup.wd1.myworkdayjobs.com/en-US/PGI/job/Hilton-Head-SC/Construction-Manager_JR6832,Posted 30+ Days Ago,JR6832
Material Handler,Charleston Svc Center (ICG),https://pultegroup.wd1.myworkdayjobs.com/en-US/PGI/job/Charleston-Svc-Center-ICG/Material-Handler_JR6957-1,Posted 30+ Days Ago,JR6957
NSS Senior Accountant I,"Atlanta, GA",https://pultegroup.wd1.myworkdayjobs.com/en-US/PGI/job/Atlanta-GA/NSS-Senior-Accountant-I_JR6940,Posted 30+ Days Ago,JR6940
Division Financial Analyst,"Scottsdale, AZ",https://pultegroup.wd1.myworkdayjobs.com/en-US/PGI/job/Scottsdale-AZ/Division-Financial-Analyst_JR6930,Posted 30+ Days Ago,JR6930
Division Controller,"Scottsdale, AZ",https://pultegroup.wd1.myworkdayjobs.com/en-US/PGI/job/Scottsdale-AZ/Division-Controller_JR6907,Posted 30+ Days Ago,JR6907
2nd Shift,"Florence, SC",https://pultegroup.wd1.myworkdayjobs.com/en-US/PGI/job/Florence-SC/XMLNAME-2nd-Shift---Production-Manager_JR6803,Posted 30+ Days Ago,JR6803
Assistant Construction Manager (Land O Lakes),"Riverview, FL",https://pultegroup.wd1.myworkdayjobs.com/en-US/PGI/job/Riverview-FL/Assistant-Construction-Manager--Land-O-Lakes-_JR5070,Posted 30+ Days Ago,JR5070
General Sales Manager,"Brentwood, TN",https://pultegroup.wd1.myworkdayjobs.com/en-US/PGI/job/Brentwood-TN/General-Sales-Manager---Nashville--TN_JR6872,Posted 30+ Days Ago,JR6872
Assistant Construction Manager,"Columbia, SC",https://pultegroup.wd1.myworkdayjobs.com/en-US/PGI/job/Columbia-SC/Assistant-Construction-Manager---Columbia--SC_JR6844,Posted 30+ Days Ago,JR6844
Software Developer III,"Atlanta, GA",https://pultegroup.wd1.myworkdayjobs.com/en-US/PGI/job/Atlanta-GA/Software-Developer-III---Data_JR6856,Posted 30+ Days Ago,JR6856
Land Planning & Entitlement Manager,"Bridgewater TWP, New Jersey",https://pultegroup.wd1.myworkdayjobs.com/en-US/PGI/job/Bridgewater-TWP-New-Jersey/Land-Planning---Entitlement-Manager_JR6853,Posted 30+ Days Ago,JR6853
Division Financial Analyst,"Riverview, FL",https://pultegroup.wd1.myworkdayjobs.com/en-US/PGI/job/Riverview-FL/Division-Financial-Analyst_JR6140,Posted 30+ Days Ago,JR6140
Senior Manager Market Intelligence,"Bonita Springs, FL",https://pultegroup.wd1.myworkdayjobs.com/en-US/PGI/job/Bonita-Springs-FL/Senior-Manager-Market-Intelligence_JR6799,Posted 30+ Days Ago,JR6799
Virtual Customer Care Manager,"Riverview, FL",https://pultegroup.wd1.myworkdayjobs.com/en-US/PGI/job/Riverview-FL/Virtual-Customer-Care-Manager_JR6841,Posted 30+ Days Ago,JR6841
Sales Consultant (Spartanburg Area),"Greenville, SC",https://pultegroup.wd1.myworkdayjobs.com/en-US/PGI/job/Greenville-SC/Sales-Consultant--Spartanburg-Area-_JR6037,Posted 30+ Days Ago,JR6037
Division Director Land Acquisition (Ocala Area),"Ocala, FL",https://pultegroup.wd1.myworkdayjobs.com/en-US/PGI/job/Ocala-FL/Division-Director-Land-Acquisition--Ocala-Area-_JR6838,Posted 30+ Days Ago,JR6838
Market Intelligence Senior Analyst,"Bonita Springs, FL",https://pultegroup.wd1.myworkdayjobs.com/en-US/PGI/job/Bonita-Springs-FL/Market-Intelligence-Senior-Analyst_JR6800,Posted 30+ Days Ago,JR6800
Manager Land Acquisition,"Greenville, SC",https://pultegroup.wd1.myworkdayjobs.com/en-US/PGI/job/Greenville-SC/Manager-Land-Acquisition_JR6501,Posted 30+ Days Ago,JR6501
Division President,"Salt Lake City, UT",https://pultegroup.wd1.myworkdayjobs.com/en-US/PGI/job/Salt-Lake-City-UT/Salt-Lake-City-Division-President_JR6727,Posted 30+ Days Ago,JR6727
Land Project Manager,"Medina, OH",https://pultegroup.wd1.myworkdayjobs.com/en-US/PGI/job/Medina-OH/Land-Project-Manager_JR6780,Posted 30+ Days Ago,JR6780
Senior Procurement Agent,"Mission Viejo, CA",https://pultegroup.wd1.myworkdayjobs.com/en-US/PGI/job/Mission-Viejo-CA/Senior-Procurement-Agent_JR6773,Posted 30+ Days Ago,JR6773
NSS A/P Lien Coordinator,"Atlanta, GA",https://pultegroup.wd1.myworkdayjobs.com/en-US/PGI/job/Atlanta-GA/NSS-A-P-Lien-Coordinator_JR6755,Posted 30+ Days Ago,JR6755
Procurement Agent,"Brentwood, TN",https://pultegroup.wd1.myworkdayjobs.com/en-US/PGI/job/Brentwood-TN/Procurement-Agent---Nashville--TN_JR6750,Posted 30+ Days Ago,JR6750
Manager Land Acquisition,"Salt Lake City, UT",https://pultegroup.wd1.myworkdayjobs.com/en-US/PGI/job/Salt-Lake-City-UT/Manager-Land-Acquisition_JR6732-1,Posted 30+ Days Ago,JR6732
Manager Land Acquisition,"Salt Lake City, UT",https://pultegroup.wd1.myworkdayjobs.com/en-US/PGI/job/Salt-Lake-City-UT/Manager-Land-Acquisition---St-George--Utah_JR6731,Posted 30+ Days Ago,JR6731
Customer Care Manager (Ocala),"Ocala, FL",https://pultegroup.wd1.myworkdayjobs.com/en-US/PGI/job/Ocala-FL/Customer-Care-Manager_JR6687,Posted 30+ Days Ago,JR6687
Division Product Agent,"Myrtle Beach, SC",https://pultegroup.wd1.myworkdayjobs.com/en-US/PGI/job/Myrtle-Beach-SC/Division-Product-Agent---Myrtle-Beach--NC_JR6701,Posted 30+ Days Ago,JR6701
Assistant Superintendent,"Savannah, GA",https://pultegroup.wd1.myworkdayjobs.com/en-US/PGI/job/Savannah-GA/Assistant-Superintendent_JR5700,Posted 30+ Days Ago,JR5700
Sales Trainee,"Cary, NC",https://pultegroup.wd1.myworkdayjobs.com/en-US/PGI/job/Cary-NC/Sales-Trainee---Raleigh--NC_JR6565,Posted 30+ Days Ago,JR6565
Sales Trainee,"Charlotte, NC",https://pultegroup.wd1.myworkdayjobs.com/en-US/PGI/job/Charlotte-NC/Sales-Trainee---Charlotte--NC_JR6572,Posted 30+ Days Ago,JR6572
Land Project Manager,"Cary, NC",https://pultegroup.wd1.myworkdayjobs.com/en-US/PGI/job/Cary-NC/Land-Project-Manager---Raleigh--NC_JR6490,Posted 30+ Days Ago,JR6490
Area Construction Manager,"Greenville, SC",https://pultegroup.wd1.myworkdayjobs.com/en-US/PGI/job/Greenville-SC/Area-Construction-Manager_JR6486,Posted 30+ Days Ago,JR6486
Sales Consultant,"Charlotte, NC",https://pultegroup.wd1.myworkdayjobs.com/en-US/PGI/job/Charlotte-NC/Sales-Consultant---Charlotte--NC_JR6475,Posted 30+ Days Ago,JR6475
Sales Consultant (Melbourne/Palm Bay Area),"Orlando, FL",https://pultegroup.wd1.myworkdayjobs.com/en-US/PGI/job/Orlando-FL/Sales-Consultant--Melbourne-Palm-Bay-Area-_JR6474,Posted 30+ Days Ago,JR6474
Sales Consultant,"Charlotte, NC",https://pultegroup.wd1.myworkdayjobs.com/en-US/PGI/job/Charlotte-NC/Sales-Consultant---Charlotte--NC_JR6473-1,Posted 30+ Days Ago,JR6473
Manager Growth and Strategic Partnerships,"Atlanta, GA",https://pultegroup.wd1.myworkdayjobs.com/en-US/PGI/job/Atlanta-GA/Manager-Growth-and-Strategic-Partnerships_JR5718,Posted 30+ Days Ago,JR5718
Sales Consultant,"Salt Lake City, UT",https://pultegroup.wd1.myworkdayjobs.com/en-US/PGI/job/Salt-Lake-City-UT/Sales-Consultant---Salt-Lake-City--Utah_JR6116,Posted 30+ Days Ago,JR6116
Assistant Customer Care Manager,"Myrtle Beach, SC",https://pultegroup.wd1.myworkdayjobs.com/en-US/PGI/job/Myrtle-Beach-SC/Assistant-Customer-Care-Manager_JR6103,Posted 30+ Days Ago,JR6103
Lead Punch Carpenter,Myrtle Beach Svc Center (ICG),https://pultegroup.wd1.myworkdayjobs.com/en-US/PGI/job/Myrtle-Beach-Svc-Center-ICG/Lead-Punch-Carpenter_JR6086,Posted 30+ Days Ago,JR6086
NSS Senior Accountant I,"Atlanta, GA",https://pultegroup.wd1.myworkdayjobs.com/en-US/PGI/job/Atlanta-GA/NSS-Senior-Accountant-I_JR4480-1,Posted 30+ Days Ago,JR4480
Civil Engineering Project Manager,"Alpharetta, GA",https://pultegroup.wd1.myworkdayjobs.com/en-US/PGI/job/Alpharetta-GA/Civil-Engineering-Project-Manager_JR5917-1,Posted 30+ Days Ago,JR5917
Land Acquisition Manager,"Riverview, FL",https://pultegroup.wd1.myworkdayjobs.com/en-US/PGI/job/Riverview-FL/Land-Acquisition-Manager_JR5736,Posted 30+ Days Ago,JR5736
Sales Consultant,"Hilton Head, SC",https://pultegroup.wd1.myworkdayjobs.com/en-US/PGI/job/Hilton-Head-SC/Sales-Consultant---Hilton-Head--SC_JR5867,Posted 30+ Days Ago,JR5867
Manager Land Acquisition,"Las Vegas, NV",https://pultegroup.wd1.myworkdayjobs.com/en-US/PGI/job/Las-Vegas-NV/Manager-Land-Acquisition_JR5683,Posted 30+ Days Ago,JR5683
Assistant Construction Manager,"Savannah, GA",https://pultegroup.wd1.myworkdayjobs.com/en-US/PGI/job/Savannah-GA/Assistant-Construction-Manager---Savannah--GA_JR5077,Posted 30+ Days Ago,JR5077
Customer Care Manager II (Wesley Chapel),"Riverview, FL",https://pultegroup.wd1.myworkdayjobs.com/en-US/PGI/job/Riverview-FL/Customer-Care-Manager-II--Wesley-Chapel-_JR4529,Posted 30+ Days Ago,JR4529
General Sales Manager,"Myrtle Beach, SC",https://pultegroup.wd1.myworkdayjobs.com/en-US/PGI/job/Myrtle-Beach-SC/General-Sales-Manager---Myrtle-Beach--SC_JR5023,Posted 30+ Days Ago,JR5023
Land Coordinator,"Bonita Springs, FL",https://pultegroup.wd1.myworkdayjobs.com/en-US/PGI/job/Bonita-Springs-FL/Land-Coordinator_JR5185,Posted 30+ Days Ago,JR5185
Land Project Manager,"Hilton Head, SC",https://pultegroup.wd1.myworkdayjobs.com/en-US/PGI/job/Hilton-Head-SC/Land-Project-Manager---Hilton-Head--SC_JR4032,Posted 30+ Days Ago,JR4032
Sales Consultant,"Pleasanton, CA",https://pultegroup.wd1.myworkdayjobs.com/en-US/PGI/job/Pleasanton-CA/Sales-Consultant---San-Jose--CA_JR5207,Posted 30+ Days Ago,JR5207
Assistant Construction Manager,"Albuquerque, NM",https://pultegroup.wd1.myworkdayjobs.com/en-US/PGI/job/Albuquerque-NM/Assistant-Construction-Manager_JR4896,Posted 30+ Days Ago,JR4896
Construction Manager,"West Palm Beach, FL",https://pultegroup.wd1.myworkdayjobs.com/en-US/PGI/job/West-Palm-Beach-FL/Construction-Manager_JR4851,Posted 30+ Days Ago,JR4851
Land Acquisition Manager,"Riverview, FL",https://pultegroup.wd1.myworkdayjobs.com/en-US/PGI/job/Riverview-FL/Land-Acquisition-Manager_JR4404,Posted 30+ Days Ago,JR4404
